転職元;転職先
サムライファクトリー;？
クオニ・グループトラベル・エクスパーツ;フリーランス
手嶋屋;VOYAGE GROUP
Rod-Side;？
トリニティアーツ;？
ホテルシティプラザ北上;？
ローソン;？
SABATO;？
ミクシィ;フリーランス
アジャイルメディア・ネットワーク;フリーランス
オプティム;ゲヒルン
マイクロソフト;？
はてな;Fablic
博報堂;フリーランス
GREE;？
オオゼキ;？
エポックハウス;起業
ソララ;KDDIウェブコミュニケーションズ
ルゼル;？
？;？
芸者東京エンターテインメント;freee株式会社
リンク;？
web creation;？
ミクシィ;Treasure Data
アンドエム;？
ビープラウド;きざしカンパニー
カヤック;Sumally
gooya;？
IBM;Salesforce.com
アリエル・ネットワーク;キヤノンITソリューションズ
オルトプラス;？
ミクシィ;？
アドウェイズ;起業
？;DMM.comラボ
カヤック;？
カヤック;Nota
Aiming;paperboy&co.
日本コンピューター;マインドパレット
ヤフー;？
ミクシィ;？
万葉;spice life
ノボット;？
ジモティー;？
WebPay;？
クックパッド;起業
アイジェット;フリーランス
デンソー;？
GREE;Fiksu
Aiming;Quipper
GREE;Cambridge Energy Data Lab
カヤック;カルチャー
みずほ証券;？
TIS;リクルートテクノロジーズ
パンカク;？
キャリアデザインセンター;スクー
デジタルガレージ;？
エスプランニング;クラスメソッド
ゼロスタート;ゲヒルン
レッドフォックス;サイバーエージェント
パーフェクトミュージック;？
村式;？
オプティム;？
AOLオンライン・ジャパン;B Dash Ventures
？;？
リクルート;KAIZEN platform
ミクシィ;？
トゥギャッター;？
ワークスアプリケーションズ;時雨堂
ビットセラー;？
DeNA;？
サイバーエージェント;リクルートコミュニケーションズ
GREE;？
楽天;？
コスモルート;？
日本アルゴリズム;？
国立高等専門学校機構;まだ無職
エクストーン;サイバーエージェント
GREE;フリークアウト
東京都;フリーランス
INDOOR;？
ドワンゴモバイル;ビープラウド
DeNA;スマートエデュケーション
シャノン;DeNA
サムライファクトリー;DMM.comラボ
LINE;？
はてな;？
ヤフー;DeNA
ノバレーゼ;？
paperboy&co.;Quipper
はてな;？
paperboy&co.;Quipper
技術評論社;ミクシィ・リクルートメント
リクルート・ホールディングス;ヤフー
ヤフー;？
マイニングブラウニー;？
鈴与シンワート;ナビプラス
ハイベロシティ;サイクス
？;グラニ
情報通信総合研究所;起業
エクスクウェイド;ピクセルグリッド
セラク;永和システムマネジメント
NHK;起業
ディアイスクエア;フリーランス
ミクシィ;クロコス
paperboy&co.;？
タイムインターメディア;？
Baidu;？
デジタルガレージ;トイロ
LIG;ドワンゴモバイル
ヤフー;？
農林水産省;？
Kauli;？
？;？
zigsow;ACCESS
VOYAGE GROUP;起業
LOD;？
ドワンゴ;GREE
BrainPad;Treasure Data
ギフティ;？
ONIGIRI;起業
kamado;ミクシィ
三菱東京UFJ銀行;？
トップゲート;ユニティ・テクノロジーズ・ジャパン
ピープパポ;？
 ミクシィ;？
バタフライ;LINE
GREE;zigsaw
kamado;Increments
ユードー;？
ドワンゴ;？
ドワンゴモバイル;クックパッド
クックパッド;Lang-8
カヤック;クックパッド
テキラス;？
ジェーン;？
ドワンゴ;？
シックス・アパート;ロフトワーク
マイネット;DeNA
IIJ;？
ソニー・コンピュータエンタテインメント ;フリーランス
サイバーエージェント;？
エクスクウェイド;ヴォラーレ
ファーストリテイリング;？
カヤック;AppSocially
カヤック;グラニ
CROOZ;？
サーバーワークス;DeNA
イーツー;？
フェンリル;？
imaii;起業
Google;起業
Aiming;？
富士ゼロックス;DeNA
ドワンゴ;？
プレイシズ;SoraUsagi Apps
ロッカーズ・アイランド;フリーランス
頓智ドット;起業
モーションビート;起業
キテラス;クックパッド
ドワンゴ;サイバーエージェント
ループ;クックビズ
カヤック;paperboy&co.
リクルートホールディングス;？
Preferred Infrastructure;Treasure Data
マザーハウス;？
Twitter;？
クックパッド;？
CyberX;フリーランス
日本ユニシス;？
アステックトゥーワン;フリーランス
ボストングローブ;ハーバード大学
GREE;？
CROOZ;ナビプラス
Appcelerator;FrogApps
頓智ドット;？
ドワンゴ;？
ドワンゴ;？
ドワンゴ;？
RICOH;DeNA
ドワンゴ;エレクトロニック・アーツ
GMOメディア;ユビレジ
リクルート;サイバーエージェント
OKWave;？
Decoo;ゼロスタート
サイカヤ・システム・テクノロジー;フリーランス
ファーストリテイリング;？
カタッチ;フリーランス
ウェブテクノロジ・コム;BookLive
aube;音場-otono VA-
ジャストシステム;？
DeNA;起業
？;サイバーエージェント
ケイブ;起業
中央公論新社;フリーランス
NHN Japan;？
Zynga Japan;？
ヤフー;？
ファーストリテイリング;？
楽天;リクルート
中央公論新社;起業
KDDIウェブコミュニケーションズ;？
MARZ;？
ドンキホーテ;？
レッドフォックス;ドリコム
Google;Wantedly
DeNA;？
Google;？
パナソニック;GREE
ケイビーエムジェイ;Georepublic Japan
サイボウズ;Synclogue
？;サイバーエージェント
ヘッドストロング・ジャパン;起業
プーマジャパン;？
はてな;？
永和システムマネジメント;？
nanapi;？
博報堂;起業
プラスワンデジタル;ハートビーツ
ヤフー;NHN Japan
スクウェア・エニックス;？
シックス・アパート;クックパッド
マルジュ;？
竹尾;メディアジーン
ドワンゴ;？
Zynga Japan;デジタルガレージ
IBM;Preferred Infrastructure
三菱総合研究所;Facebook
インクス;ドワンゴ
チームラボ;ドリコム
東京大学;Salesforce.com
ネットエージェント;？
NHN Japan;クックパッド
GREE;？
ドワンゴ;？
DeNA;？
かなめい;TIS
はてな;クックパッド
モバイルファクトリー;？
アジャイルメディア・ネットワーク;？
頓智ドット;？
VOYAGE GROUP;起業
トップゲート;？
ファーストリテイリング;フリーランス
アマツ;？
サイボウズ;？
はてな;？
NHN Japan;Twitter Japan
SCSK;ビープラウド
Zynga Japan;？
クロノス;？
富士山マガジンサービス;paperboy&co.
DeNA;Facebook
クロノス;ニューキャスト
gumi;サーバーワークス
ビープラウド;？
東京糸井重里事務所;？
Zynga Japan;？
三菱電機;ミラクル・リナックス
スグエ;DeNA
DotCloud;クックパッド
ドワンゴ;？
Zynga Japan;起業
サイボウズ・ラボ;Twitter
第一コンピュータリソース;フリュー株式会社
インターリンク;？
DeNA;Amazon
ハフトテクノロジー;Baidu
ドワンゴ;？
伊藤忠テクノソリューションズ;GREE
NHN Japan;？
はてな;？
ブレイブソフト;起業
NAVER Japan;？
CyberAgent America;Baidu
電通;トレンダーズ
ソニー;？
KLab;？
マーズ;サイバーエージェント
ダイヤモンド;起業
クックパッド;起業
ウェブスタッフ;？
富士ゼロックス;ウフィカ
東芝;クウジット
Google;起業
はてな;？
サイジニア;Blabo
永和システムマネジメント;クリップエンターテイメント
野村證券;起業
アイレップ;起業
博報堂;？
はてな;GREE
アリエル・ネットワーク;はてな
ECナビ;ミクシィ
楽天;GREE
ソニー;DeNA
RememberTheMilk;DeNA
マピオン;GREE
ヤフー;？
ヤフー;起業
トライクレオ;クラウドスタディ
トライクレオ;ドワンゴ
ミクシィ;ヴェッテル
未来検索ブラジル;DeNA
センティリオン;ジモティー
ディノ;？
NHN Japan;？
北海道新聞;高知新聞
シーサー;ミクシィ
手嶋屋;？
ライブドア;コンデナスト・ジャパン
GREE;クロコス
ライブドア;DeNA
ネットイヤーグループ;エムアウト
日立製作所;CyberAgent America
インテック;サイバーエージェント
ヤフー;DeNA
マーズ;ジェーン
ハートレイルズ;？
日本オラクル;？
マーズ;？
レクサー・リサーチ;ミクシィ
アシアル;クロコス
川村インターナショナル;フリーランス
アイティメディア;ロケットスタート
？;クロコス
日本経済新聞社;フリーランス
ビーコンIT;起業
楽天;？
gumi;ビープラウド
アイティメディア;はてな
ウェブテクノロジ;？
アシアル;ミクシィ
Baidu;RememberTheMilk
電通国際情報サービス;Amazon Data Services Japan
フォーク;NHN Japan
楽天;起業
エニグモ;フリーランス
太田出版;？
シックス・アパート;？
本田技術研究所;DeNA
ALBERT;？
楽天;起業
フラクタリスト;？
シーエー・モバイル;バタフライ
ヤフー;？
エムエム総研;？
博報堂;東京都港区議会議員
？;Baidu
エフルート;モブキャスト
リクルート;プラスアール
メタキャスト;？
神戸デジタル・ラボ;？
サイボウズ・ラボ;オーマ
日本オラクル;DeNA
日経BP;はてな
はてな;GREE
カカクコム;Baidu
日本オラクル;Microsoft
アイエンター;永和システムマネジメント
ミクシィ;Google
ソニックガーデン;サイバーエージェント
はてな;クックパッド
テックスタイル;フリーランス
レコチョク;DeNA
ヤフー;OKWave
光文社;起業
ミクシィ;ライブドア
Oracle;？
手嶋屋;？
ライブドア;コンデナスト・ジャパン
ソニーデジタルネットワークアプリケーションズ;万葉
バンダイナムコゲームス;？
レゾン;？
ニューズ・ツー・ユー;？
ヤフー;？
信毎フォトサービス;？
フィードフォース;フリーランス
はてな;？
ライブドア;paperboy&co.
paperboy&co.;起業
モバイルファクトリー;？
富士ソフト;永和システムマネジメント
ALBERT;？
はてな;起業
産経新聞;フリーランス
ヤフー;spice life
Baidu;NAVER Japan
ビジネス・アーキテクツ;起業
はてな;GREE
エスグラ;フリーランス
ライブドア;フリーランス
スターロジック;フリーランス
ウタゴエ;クックパッド
tha;フリーランス
ウノウ;起業
ビート・クラフト;テックスタイル
ノオト;？
ツインスパーク;ワイクル
フィルン;？
ウノウ;？
ウノウ;？
はてな;アストロアーツ
ウノウ;ミクシィ
はてな;Baidu
ソニー;フリーランス
ウノウ;セラン
はてな;サイボウズ・ラボ
はてな;お茶の水女子大学
シックス・アパート;？
アクシスソフト;ウノウ
ヤフー;Baidu
グロービス・キャピタル・パートナーズ;起業
楽天;起業
ウノウ;？
GREE;？
ネットワーク応用通信研究所;Nexedi
シックス・アパート;？
ウノウ;フリーランス
日立製作所;ウノウ
ソニー;シックス・アパート
博報堂;フリーランス
昭和音楽大学;？
博報堂;フリーランス
ECナビ;無職
大東建託;？
ヤフー;？
